file_index,clash_num,supatom_num,supatom_num_all,min_distance,min_residue1,min_residue2,min_residue1_index,min_residue2_index,ca_rmsd,seq,seq_len,sup_clash_res_list
7_0,8,7,8,0.054805804,MET,LYS,10,45,0.13137935,TIDQWLLKNAKEDAIAELKKAGITSDFYFNAINKAKTVEGVNALMRAAHEIRWLPNLTFDQRVAFIHKLEDDPSQSSELLSEAKKLNDSQAPK,93,"[14, 23, 27, 28, 31, 44, 52, 66, 67, 70]"
7_1,26,7,9,0.07894572,TRP,LYS,9,45,0.16165167,TIDQWLLKNAKEDAIAELKKAGITSDFYFNAINKAKTVEGVNALWMRAAHEIRWLPNLTFDQRVAFIHKLEDDPSQSSELLSEAKKLNDSQAPK,94,"[14, 15, 16, 17, 18, 19, 20, 21, 23, 24, 28, 29, 30, 31, 32, 33, 52, 66, 67, 68, 69, 70, 71, 72, 73, 74, 75, 76, 77, 78, 80, 81, 83]"
7_2,6,7,9,0.06367334,LYS,LEU,7,44,0.12121701,TIDQWLLKNAKEDAIAELKKAGITSDFYFNAINKAKTVEGVNAKEWMRAAHEIRWLPNLTFDQRVAFIHKLEDDPSQSSELLSEAKKLNDSQAPK,95,"[14, 17, 21, 23, 28, 31, 44, 45, 48, 52, 79, 82]"
7_3,0,7,8,0.0861968,LYS,LYS,7,45,0.14720976,TIDQWLLKNAKEDAIAELKKAGITSDFYFNAINKAKTVEGVNALKEWMRAAHEIRWLPNLTFDQRVAFIHKLEDDPSQSSELLSEAKKLNDSQAPK,96,[45]
7_4,3,7,7,0.091213375,MET,LEU,10,49,0.13005935,TIDQWLLKNAKEDAIAELKKAGITSDFYFNAINKAKTVEGVNALKNEIMRAAHEIRWLPNLTFDQRVAFIHKLEDDPSQSSELLSEAKKLNDSQAPK,97,"[23, 24, 25, 26, 27, 28, 48, 73, 74, 75, 76, 77]"
7_5,3,7,10,0.08386418,GLU,ASN,8,42,0.12464079,TIDQWLLKNAKEDAIAELKKAGITSDFYFNAINKAKTVEGVEWMRAAHEIRWLPNLTFDQRVAFIHKLEDDPSQSSELLSEAKKLNDSQAPK,92,"[17, 23, 45, 48]"
7_6,9,7,10,0.061772857,LYS,ASN,7,42,0.12527598,TIDQWLLKNAKEDAIAELKKAGITSDFYFNAINKAKTVEGVKEWMRAAHEIRWLPNLTFDQRVAFIHKLEDDPSQSSELLSEAKKLNDSQAPK,93,"[14, 23, 27, 28, 31, 32, 44, 52, 66, 67, 70]"
7_7,24,7,10,0.05636549,GLU,LEU,8,44,0.102166116,TIDQWLLKNAKEDAIAELKKAGITSDFYFNAINKAKTVEGVNAEWMRAAHEIRWLPNLTFDQRVAFIHKLEDDPSQSSELLSEAKKLNDSQAPK,94,"[14, 15, 16, 17, 18, 19, 20, 21, 23, 24, 26, 28, 29, 30, 52, 66, 67, 68, 69, 70, 71, 72, 73, 74, 75, 76, 78, 80, 81, 83]"
7_8,2,7,9,0.06457553,ALA,LEU,12,49,0.10397094,TIDQWLLKNAKEDAIAELKKAGITSDFYFNAINKAKTVEGVNALKNEIAAHEIRWLPNLTFDQRVAFIHKLEDDPSQSSELLSEAKKLNDSQAPK,95,"[17, 21, 23, 45, 46, 52, 75, 79, 82]"
7_9,2,7,8,0.07380478,ALA,LYS,12,50,0.10474971,TIDQWLLKNAKEDAIAELKKAGITSDFYFNAINKAKTVEGVNALKNEILAAHEIRWLPNLTFDQRVAFIHKLEDDPSQSSELLSEAKKLNDSQAPK,96,"[47, 76]"
7_10,24,7,9,0.07257738,ARG,LEU,11,44,0.12867416,TIDQWLLKNAKEDAIAELKKAGITSDFYFNAINKAKTVEGVNARAAHEIRWLPNLTFDQRVAFIHKLEDDPSQSSELLSEAKKLNDSQAPK,91,"[14, 15, 16, 17, 18, 19, 20, 21, 23, 28, 31, 42, 44, 52, 71, 73, 76, 77, 78, 79, 80, 82]"
7_11,0,7,10,0.041975565,ALA,ASN,12,46,0.14423667,TIDQWLLKNAKEDAIAELKKAGITSDFYFNAINKAKTVEGVNALKAAHEIRWLPNLTFDQRVAFIHKLEDDPSQSSELLSEAKKLNDSQAPK,92,"[23, 48]"
7_12,7,7,11,0.037103456,ALA,GLU,12,47,0.12820014,TIDQWLLKNAKEDAIAELKKAGITSDFYFNAINKAKTVEGVNALKNAAHEIRWLPNLTFDQRVAFIHKLEDDPSQSSELLSEAKKLNDSQAPK,93,"[23, 27, 28, 31, 44, 52, 66, 67, 70, 73]"
7_13,23,7,9,0.025013417,ARG,GLU,11,47,0.12566231,TIDQWLLKNAKEDAIAELKKAGITSDFYFNAINKAKTVEGVNALKNRAAHEIRWLPNLTFDQRVAFIHKLEDDPSQSSELLSEAKKLNDSQAPK,94,"[14, 15, 16, 17, 18, 19, 20, 21, 23, 24, 26, 28, 29, 52, 66, 67, 68, 69, 70, 71, 72, 73, 74, 75, 76, 80, 81]"
7_14,3,7,9,0.032129325,ARG,ILE,11,48,0.109555796,TIDQWLLKNAKEDAIAELKKAGITSDFYFNAINKAKTVEGVNALKNERAAHEIRWLPNLTFDQRVAFIHKLEDDPSQSSELLSEAKKLNDSQAPK,95,"[17, 21, 23, 28, 46, 48, 52, 75, 79, 82]"
7_15,35,7,8,0.057039097,ARG,ALA,11,43,0.13734215,TIDQWLLKNAKEDAIAELKKAGITSDFYFNAINKAKTVEGVNRAAHEIRWLPNLTFDQRVAFIHKLEDDPSQSSELLSEAKKLNDSQAPK,90,"[11, 15, 16, 18, 19, 21, 23, 24, 26, 27, 28, 29, 31, 32, 33, 34, 35, 54, 59, 60, 61, 62, 63, 64, 65, 66, 68, 69, 70, 71, 72, 73, 75, 76, 79, 80]"
7_16,26,7,9,0.0870473,ARG,LEU,11,44,0.11889017,TIDQWLLKNAKEDAIAELKKAGITSDFYFNAINKAKTVEGVNARAAHEIRWLPNLTFDQRVAFIHKLEDDPSQSSELLSEAKKLNDSQAPK,91,"[14, 15, 16, 17, 18, 19, 20, 21, 23, 28, 31, 42, 44, 52, 71, 73, 76, 77, 78, 79, 80, 81, 82]"
7_17,0,7,10,0.06418383,ALA,ASN,12,46,0.11805953,TIDQWLLKNAKEDAIAELKKAGITSDFYFNAINKAKTVEGVNALKAAHEIRWLPNLTFDQRVAFIHKLEDDPSQSSELLSEAKKLNDSQAPK,92,"[23, 48]"
7_18,9,7,9,0.088850304,ALA,GLU,12,47,0.10391912,TIDQWLLKNAKEDAIAELKKAGITSDFYFNAINKAKTVEGVNALKNAAHEIRWLPNLTFDQRVAFIHKLEDDPSQSSELLSEAKKLNDSQAPK,93,"[23, 27, 28, 44, 52, 66, 67, 70, 73]"
7_19,22,7,9,0.049102988,ARG,GLU,11,47,0.11886798,TIDQWLLKNAKEDAIAELKKAGITSDFYFNAINKAKTVEGVNALKNRAAHEIRWLPNLTFDQRVAFIHKLEDDPSQSSELLSEAKKLNDSQAPK,94,"[14, 15, 16, 17, 18, 19, 20, 21, 23, 24, 26, 28, 29, 52, 66, 67, 68, 69, 70, 71, 72, 73, 74, 75, 76, 80, 81]"
7_20,1,7,7,0.01688958,GLU,ASN,15,46,0.09149783,TIDQWLLKNAKEDAIAELKKAGITSDFYFNAINKAKTVEGVNALKEIRWLPNLTFDQRVAFIHKLEDDPSQSSELLSEAKKLNDSQAPK,89,"[18, 23, 48, 49]"
7_21,35,7,8,0.024620932,ARG,ALA,11,43,0.13045721,TIDQWLLKNAKEDAIAELKKAGITSDFYFNAINKAKTVEGVNRAAHEIRWLPNLTFDQRVAFIHKLEDDPSQSSELLSEAKKLNDSQAPK,90,"[11, 15, 16, 18, 19, 21, 23, 24, 26, 27, 28, 29, 30, 31, 32, 33, 34, 35, 54, 59, 60, 61, 62, 63, 64, 65, 66, 67, 68, 69, 70, 72, 73, 75, 76, 79, 80]"
7_22,26,7,9,0.038122818,GLU,ILE,15,48,0.10602177,TIDQWLLKNAKEDAIAELKKAGITSDFYFNAINKAKTVEGVNALKNEEIRWLPNLTFDQRVAFIHKLEDDPSQSSELLSEAKKLNDSQAPK,91,"[14, 15, 16, 17, 18, 19, 20, 21, 23, 28, 42, 45, 52, 67, 71, 73, 76, 77, 78, 79, 80, 81, 82]"
7_23,2,7,9,0.023363188,ARG,LYS,11,45,0.111127205,TIDQWLLKNAKEDAIAELKKAGITSDFYFNAINKAKTVEGVNALRAAHEIRWLPNLTFDQRVAFIHKLEDDPSQSSELLSEAKKLNDSQAPK,92,"[17, 23, 45, 48]"
7_24,9,7,9,0.064041644,ALA,GLU,12,47,0.100841984,TIDQWLLKNAKEDAIAELKKAGITSDFYFNAINKAKTVEGVNALKNAAHEIRWLPNLTFDQRVAFIHKLEDDPSQSSELLSEAKKLNDSQAPK,93,"[27, 28, 44, 52, 66, 67, 70, 73]"
8_0,9,8,9,0.0637708,LYS,ASN,7,42,0.14622687,TIDQWLLKNAKEDAIAELKKAGITSDFYFNAINKAKTVEGVKEWMRAAHEIRWLPNLTFDQRVAFIHKLEDDPSQSSELLSEAKKLNDSQAPK,93,"[14, 23, 27, 28, 31, 32, 44, 52, 66, 67, 70]"
8_1,24,8,10,0.065337926,GLU,LEU,8,44,0.17235066,TIDQWLLKNAKEDAIAELKKAGITSDFYFNAINKAKTVEGVNAEWMRAAHEIRWLPNLTFDQRVAFIHKLEDDPSQSSELLSEAKKLNDSQAPK,94,"[14, 15, 16, 17, 18, 19, 20, 21, 23, 24, 26, 28, 29, 30, 32, 33, 52, 66, 67, 68, 69, 70, 71, 72, 73, 74, 75, 76, 77, 78, 80, 81, 83]"
8_2,6,8,9,0.07001054,LYS,LEU,7,44,0.122701205,TIDQWLLKNAKEDAIAELKKAGITSDFYFNAINKAKTVEGVNAKEWMRAAHEIRWLPNLTFDQRVAFIHKLEDDPSQSSELLSEAKKLNDSQAPK,95,"[14, 17, 21, 23, 28, 31, 44, 45, 48, 52, 79, 82]"
8_3,0,8,8,0.08904616,ALA,LEU,6,44,0.14605069,TIDQWLLKNAKEDAIAELKKAGITSDFYFNAINKAKTVEGVNAAKEWMRAAHEIRWLPNLTFDQRVAFIHKLEDDPSQSSELLSEAKKLNDSQAPK,96,[]
8_4,0,8,10,0.04207958,ALA,ASN,12,46,0.14751327,TIDQWLLKNAKEDAIAELKKAGITSDFYFNAINKAKTVEGVNALKAAHEIRWLPNLTFDQRVAFIHKLEDDPSQSSELLSEAKKLNDSQAPK,92,"[23, 48]"
8_5,7,8,11,0.040874083,ALA,GLU,12,47,0.16035181,TIDQWLLKNAKEDAIAELKKAGITSDFYFNAINKAKTVEGVNALKNAAHEIRWLPNLTFDQRVAFIHKLEDDPSQSSELLSEAKKLNDSQAPK,93,"[23, 27, 28, 31, 44, 52, 66, 67, 70, 73]"
8_6,24,8,9,0.029930416,ALA,ILE,12,48,0.12456376,TIDQWLLKNAKEDAIAELKKAGITSDFYFNAINKAKTVEGVNALKNEAAHEIRWLPNLTFDQRVAFIHKLEDDPSQSSELLSEAKKLNDSQAPK,94,"[14, 15, 16, 17, 18, 19, 20, 21, 23, 24, 26, 28, 29, 52, 66, 67, 68, 69, 70, 71, 72, 73, 74, 75, 76, 80, 81, 83]"
8_7,2,8,9,0.012592891,ALA,LEU,12,49,0.12397218,TIDQWLLKNAKEDAIAELKKAGITSDFYFNAINKAKTVEGVNALKNEIAAHEIRWLPNLTFDQRVAFIHKLEDDPSQSSELLSEAKKLNDSQAPK,95,"[17, 21, 23, 46, 52, 75, 79, 82]"
8_8,22,8,9,0.05865288,ARG,LEU,11,44,0.1325382,TIDQWLLKNAKEDAIAELKKAGITSDFYFNAINKAKTVEGVNARAAHEIRWLPNLTFDQRVAFIHKLEDDPSQSSELLSEAKKLNDSQAPK,91,"[14, 15, 16, 17, 18, 19, 20, 21, 23, 28, 31, 42, 44, 52, 71, 73, 76, 77, 78, 79, 80, 81, 82]"
8_9,0,8,10,0.04478643,ALA,ASN,12,46,0.14350832,TIDQWLLKNAKEDAIAELKKAGITSDFYFNAINKAKTVEGVNALKAAHEIRWLPNLTFDQRVAFIHKLEDDPSQSSELLSEAKKLNDSQAPK,92,"[23, 48]"
8_10,7,8,10,0.06660024,ALA,GLU,12,47,0.13341665,TIDQWLLKNAKEDAIAELKKAGITSDFYFNAINKAKTVEGVNALKNAAHEIRWLPNLTFDQRVAFIHKLEDDPSQSSELLSEAKKLNDSQAPK,93,"[23, 27, 28, 44, 52, 66, 67, 70, 73]"
8_11,22,8,9,0.012404406,ARG,GLU,11,47,0.12856057,TIDQWLLKNAKEDAIAELKKAGITSDFYFNAINKAKTVEGVNALKNRAAHEIRWLPNLTFDQRVAFIHKLEDDPSQSSELLSEAKKLNDSQAPK,94,"[14, 15, 16, 17, 18, 19, 20, 21, 23, 24, 26, 28, 29, 52, 66, 67, 68, 69, 70, 71, 72, 73, 74, 75, 76, 80, 81]"
8_12,35,8,8,0.03944369,GLU,GLU,15,47,0.12967224,TIDQWLLKNAKEDAIAELKKAGITSDFYFNAINKAKTVEGVNALKNEIRWLPNLTFDQRVAFIHKLEDDPSQSSELLSEAKKLNDSQAPK,90,"[11, 15, 16, 18, 19, 21, 23, 24, 26, 27, 28, 29, 31, 32, 33, 34, 35, 44, 54, 59, 60, 61, 62, 63, 64, 65, 66, 68, 69, 70, 72, 73, 75, 76, 77, 79, 80]"
8_13,27,8,9,0.027140463,GLU,ILE,15,48,0.111942105,TIDQWLLKNAKEDAIAELKKAGITSDFYFNAINKAKTVEGVNALKNEEIRWLPNLTFDQRVAFIHKLEDDPSQSSELLSEAKKLNDSQAPK,91,"[14, 15, 16, 17, 18, 19, 20, 21, 23, 28, 42, 45, 52, 67, 71, 73, 76, 77, 78, 79, 80, 81, 82]"
8_14,2,8,10,0.05372549,ARG,LYS,11,45,0.11567345,TIDQWLLKNAKEDAIAELKKAGITSDFYFNAINKAKTVEGVNALRAAHEIRWLPNLTFDQRVAFIHKLEDDPSQSSELLSEAKKLNDSQAPK,92,"[17, 23, 45, 48]"
8_15,9,8,9,0.096330725,ALA,GLU,12,47,0.10546457,TIDQWLLKNAKEDAIAELKKAGITSDFYFNAINKAKTVEGVNALKNAAHEIRWLPNLTFDQRVAFIHKLEDDPSQSSELLSEAKKLNDSQAPK,93,"[23, 27, 28, 44, 52, 66, 67, 70, 73]"
9_0,7,9,11,0.053695768,ARG,ASN,11,46,0.18685526,TIDQWLLKNAKEDAIAELKKAGITSDFYFNAINKAKTVEGVNALKRAAHEIRWLPNLTFDQRVAFIHKLEDDPSQSSELLSEAKKLNDSQAPK,93,"[23, 27, 28, 31, 44, 52, 66, 67, 70, 73]"
9_1,24,9,10,0.04030149,GLU,LEU,8,44,0.18960375,TIDQWLLKNAKEDAIAELKKAGITSDFYFNAINKAKTVEGVNAEWMRAAHEIRWLPNLTFDQRVAFIHKLEDDPSQSSELLSEAKKLNDSQAPK,94,"[14, 15, 16, 17, 18, 19, 20, 21, 23, 24, 26, 28, 29, 30, 32, 52, 66, 67, 68, 69, 70, 71, 72, 73, 74, 75, 76, 78, 80, 81, 83]"
9_2,2,9,9,0.0337815,ALA,LEU,12,49,0.14583477,TIDQWLLKNAKEDAIAELKKAGITSDFYFNAINKAKTVEGVNALKNEIAAHEIRWLPNLTFDQRVAFIHKLEDDPSQSSELLSEAKKLNDSQAPK,95,"[17, 21, 23, 46, 52, 75, 79, 82]"
9_3,0,9,10,0.039110683,ALA,ASN,12,46,0.14911984,TIDQWLLKNAKEDAIAELKKAGITSDFYFNAINKAKTVEGVNALKAAHEIRWLPNLTFDQRVAFIHKLEDDPSQSSELLSEAKKLNDSQAPK,92,"[23, 48]"
9_4,7,9,11,0.04326965,ALA,GLU,12,47,0.16541524,TIDQWLLKNAKEDAIAELKKAGITSDFYFNAINKAKTVEGVNALKNAAHEIRWLPNLTFDQRVAFIHKLEDDPSQSSELLSEAKKLNDSQAPK,93,"[23, 27, 28, 31, 44, 52, 66, 67, 70, 73]"
9_5,22,9,9,0.01562707,ARG,GLU,11,47,0.12925504,TIDQWLLKNAKEDAIAELKKAGITSDFYFNAINKAKTVEGVNALKNRAAHEIRWLPNLTFDQRVAFIHKLEDDPSQSSELLSEAKKLNDSQAPK,94,"[14, 15, 16, 17, 18, 19, 20, 21, 23, 24, 26, 28, 29, 32, 52, 66, 67, 68, 69, 70, 71, 72, 73, 74, 75, 76, 80, 81, 83]"
9_6,24,9,9,0.03379788,GLU,ILE,15,48,0.12564735,TIDQWLLKNAKEDAIAELKKAGITSDFYFNAINKAKTVEGVNALKNEEIRWLPNLTFDQRVAFIHKLEDDPSQSSELLSEAKKLNDSQAPK,91,"[14, 15, 16, 17, 18, 19, 20, 21, 23, 28, 42, 45, 52, 67, 71, 73, 76, 77, 78, 79, 80, 81, 82]"
9_7,3,9,10,0.05667731,GLU,ASN,8,42,0.14383288,TIDQWLLKNAKEDAIAELKKAGITSDFYFNAINKAKTVEGVEWMRAAHEIRWLPNLTFDQRVAFIHKLEDDPSQSSELLSEAKKLNDSQAPK,92,"[17, 23, 45, 48]"
9_8,9,9,10,0.07723978,GLU,ALA,8,43,0.13802136,TIDQWLLKNAKEDAIAELKKAGITSDFYFNAINKAKTVEGVNEWMRAAHEIRWLPNLTFDQRVAFIHKLEDDPSQSSELLSEAKKLNDSQAPK,93,"[14, 23, 27, 28, 32, 44, 52, 66, 67, 70]"
